{
  "@class": "Script_PostFX",
  "id": {
    "uuid": "E8A9D4B2-4E99-406A-861B-6BA10BE5AA4A"
  },
  "name": "Script_PostFX",
  "enableOnAwake": false,
  "bloom_enabled": false,
  "bloomResolutionFactor_high": 8,
  "bloomResolutionFactor_med": 16,
  "bloomResolutionFactor_low": 32,
  "cascade_high_enabled": true,
  "cascade_med_enabled": true,
  "cascade_low_enabled": true,
  "field_1": {
    "values": [
      0.20000000298023224,
      0.20000000298023224,
      0.20000000298023224
    ]
  },
  "field_2": {
    "values": [
      0.10000000149011612,
      0.10000000149011612,
      0.10000000149011612
    ]
  },
  "field_3": {
    "values": [
      0.05000000074505806,
      0.05000000074505806,
      0.05000000074505806
    ]
  },
  "BaseSaturation": 1,
  "BaseIntensity": 1,
  "BloomSaturation": 1,
  "BloomIntensity": 1,
  "chromatic_aberration_enabled": false,
  "chromatic_aberration_scale": 5,
  "dof_enabled": false,
  "dof_range": 10,
  "dof_distance": 0.15000000596046448,
  "fxaa_enabled": true,
  "Brightness": 1,
  "Contrast": 1,
  "Gamma": 1,
  "SRGB": true,
  "fog_enabled": 0.6000000238418579,
  "fog_start": 0.25,
  "fog_end": 0.75
}
